{
  "jwtPrivateKey": "hania",
  "db": "mongodb://iqraalmas:iqraalmas123@ds333238.mlab.com:33238/asian-branded-clothes",
  "CLOUDINARY_API_KEY": "117112625679654",
  "CLOUDINARY_API_SECRET": "aGael6fqAwog7gSUqeM5N3lW6Ys",
  "CLOUDINARY_CLOUD_NAME": "musmanakram",
  "CLOUDINARY_URL": "cloudinary://117112625679654:aGael6fqAwog7gSUqeM5N3lW6Ys@musmanakram",
  "CLOUDINARY_BASE_URL": "http://res.cloudinary.com/musmanakram",
  "CLOUDINARY_BASE_URL_SECURE": "https://res.cloudinary.com/musmanakram",
  "CLOUDINARY_BASE_URL_API": "https://api.cloudinary.com/v1_1/musmanakram"
}
